Tax_bracket,total_voluntary_contributions,cum_voluntary
"a. Less than or equal to $18,200",4353118472,0.15395822428124
"b. $18,201 to $37,000",5173520507,0.336931886878195
"c. $37,001 to $80,000",8124041860,0.624257643527638
"d. $80,001 to $180,000",6604882795,0.857854783886816
"e. $180,001 or more",4019109527,1
