"fy.year","net_rent","net_rent.real","year"
"1979-80",0,0,1980
"1980-81",0,0,1981
"1981-82",0,0,1982
"1982-83",0,0,1983
"1983-84",0,0,1984
"1984-85",0,0,1985
"1985-86",0,0,1986
"1986-87",0,0,1987
"1987-88",0,0,1988
"1988-89",0,0,1989
"1989-90",-1.61364e+009,-2.9155,1990
"1990-91",-1.89528e+009,-3.3729,1991
"1991-92",-2.8802e+009,-5.10864,1992
"1992-93",-1.88571e+009,-3.28458,1993
"1993-94",-1.98588e+009,-3.37093,1994
"1994-95",-4.54902e+008,-0.734735,1995
"1995-96",-5.13589e+008,-0.817143,1996
"1996-97",2.735e+008,0.436454,1997
"1997-98",-1.12184e+008,-0.176383,1998
"1998-99",6.76501e+007,0.104363,1999
"1999-00",3.69741e+009,5.39184,2000
"2000-01",-1.04342e+008,-0.147518,2001
"2001-02",9.22214e+008,1.26686,2002
"2002-03",2.30175e+009,3.08638,2003
"2003-04",2.09127e+009,2.73533,2004
"2004-05",1.50761e+009,1.9178,2005
"2005-06",1.67046e+009,2.05625,2006
"2006-07",4.41355e+008,0.528041,2007
"2007-08",1.92239e+009,2.21783,2008
"2008-09",-2.31124e+009,-2.6127,2009
"2009-10",-1.30693e+009,-1.43776,2010
"2010-11",-2.58198e+009,-2.75791,2011
"2011-12",-1.96664e+009,-2.05533,2012
"2012-13",-3.26912e+009,-3.32527,2013
