"New_Age","tot_net_cg"
"Under 50",2.48169
"9",1.13457
"8",1.64026
"65
and
over",2.17221
"10",1.42293
