Taxable income decile,tot_CG,prop_CG
1,4593101,0.0178309993690846
2,3870483,0.0150257048410328
3,4290566,0.0166565202112942
4,6026454,0.0233954571153165
5,4906859,0.0190490476332192
6,6924509,0.0268818202800723
7,7972548,0.030950440314288
8,12252193,0.0475645638214579
9,21279611,0.0826101429764695
10,185474454,0.720035303437765
